"stu_id","stu_name","stu_ph_no","stu_email","stu_dob","book_id","book_name","athr_name","book_brn_id","book_price","brn_id","brn_name"
1,"Giles","189-215-0348","glidster0@weather.com","2003-10-30","3354","Mr","Giles Lidster","81702",214,12,"Blogtags"
2,"Taddeo","861-461-2743","twelbeck1@toplist.cz","2004-01-03","6829","Dr","Taddeo Welbeck","75057",730,18,"Browsecat"
3,"Hannie","960-331-8842","hphair2@feedburner.com","2001-07-29","1626","Ms","Hannie Phair","39803",738,96,"Mydeo"
4,"Dulsea","801-989-2884","dhodgin3@census.gov","2002-03-14","3815","Honorable","Dulsea Hodgin","16276",682,87,"Mydeo"
5,"Derek","615-375-5210","drozycki4@microsoft.com","2003-03-05","1245","Dr","Derek Rozycki","81936",551,21,"Avaveo"
6,"Dahlia","862-944-5748","dsipson5@bizjournals.com","2003-10-24","9184","Dr","Dahlia Sipson","81569",635,45,"Linkbridge"
7,"Normand","748-937-6390","neaglesham6@whitehouse.gov","2003-07-11","1470","Mr","Normand Eaglesham","26103",437,86,"Meetz"
8,"Riannon","890-094-2322","rgimson7@mit.edu","2003-12-21","0131","Rev","Riannon Gimson","25652",819,62,"Chatterpoint"
9,"Lanny","814-710-3819","lstoeckle8@youtu.be","2002-07-28","5887","Ms","Lanny Stoeckle","79337",913,55,"Fivespan"
10,"Scotti","794-735-1443","selcock9@xinhuanet.com","2005-12-17","3938","Ms","Scotti Elcock","18629",884,18,"Tagpad"
11,"Lucky","860-996-3603","lredana@digg.com","2005-05-19","4155","Mrs","Lucky Redan","84552",744,69,"Eimbee"
12,"Francisca","957-420-0172","fspellacyb@earthlink.net","2001-03-29","3196","Ms","Francisca Spellacy","03530",340,84,"Meembee"
13,"Herold","529-254-7327","hsentc@usa.gov","2003-10-11","3457","Rev","Herold Sent","34244",156,48,"Browsetype"
14,"Giacopo","623-792-2279","gbuckied@hp.com","2003-02-26","5023","Honorable","Giacopo Buckie","86956",195,70,"Jayo"
15,"Eve","870-096-5024","eormistonee@bandcamp.com","2002-02-02","6816","Mrs","Eve Ormistone","18776",373,21,"Rhycero"
16,"Cori","315-286-4563","cbuttrumf@squidoo.com","2000-11-05","8566","Ms","Cori Buttrum","17085",415,31,"Oyoloo"
17,"Gennifer","003-680-3915","gpollackg@youku.com","2001-03-12","0398","Mrs","Gennifer Pollack","45248",629,84,"Devcast"
18,"Gayleen","898-275-7568","gfetterh@imageshack.us","2004-05-29","9181","Mrs","Gayleen Fetter","80312",575,88,"Oyope"
19,"Francklin","953-295-0932","fchateli@reddit.com","2001-05-24","4951","Mr","Francklin Chatel","79266",981,99,"Eadel"
20,"Federica","361-904-3193","fmactrusteyj@ovh.net","2003-06-29","4474","Honorable","Federica MacTrustey","74259",389,55,"Youspan"
21,"Wanda","881-466-1338","whaithwaitek@freewebs.com","2004-09-16","7766","Dr","Wanda Haithwaite","71072",624,10,"Tambee"
22,"Caye","203-484-8413","ccarlinl@shop-pro.jp","2005-08-24","8058","Ms","Caye Carlin","85779",321,53,"Lazz"
23,"Mandi","682-461-5847","midalem@oracle.com","2002-01-05","5095","Dr","Mandi Idale","06286",859,83,"Ooba"
24,"Hayyim","681-318-3905","hcleughern@skype.com","2003-09-27","2314","Mr","Hayyim Cleugher","78484",727,43,"Ozu"
25,"Ameline","399-026-5266","aedgelero@google.com.au","2001-12-03","6677","Honorable","Ameline Edgeler","48668",348,52,"Demizz"
26,"Jennie","210-894-4553","jbewsheap@cisco.com","2004-07-06","8870","Honorable","Jennie Bewshea","32040",783,43,"Abatz"
27,"Gerty","033-013-5099","gbortolussiq@gov.uk","2000-02-25","8311","Mr","Gerty Bortolussi","54613",969,53,"Tagtune"
28,"Adan","780-400-7357","aabsonr@cnn.com","2001-06-09","4969","Rev","Adan Abson","10103",271,80,"Tambee"
29,"Nariko","674-209-5909","ngoodbarrs@howstuffworks.com","2000-07-31","1922","Mr","Nariko Goodbarr","93997",979,95,"Jayo"
30,"Ester","385-279-0891","emularkeyt@mozilla.org","2001-12-04","2699","Honorable","Ester Mularkey","40146",332,47,"Oyoba"
31,"Estele","223-852-5667","esteutlyu@digg.com","2002-02-13","3432","Mrs","Estele Steutly","81187",365,30,"Fivechat"
32,"Elise","297-921-8915","ehorleyv@theatlantic.com","2005-11-15","8257","Honorable","Elise Horley","33628",121,73,"Quamba"
33,"Roseanna","033-602-3915","rdew@w3.org","2000-04-21","2877","Ms","Roseanna De Benedetti","42191",191,41,"Aimbu"
34,"Willey","555-636-7265","whuckettx@jalbum.net","2001-11-27","6180","Mrs","Willey Huckett","27192",264,36,"Zoomlounge"
35,"Phillie","021-062-5741","plemeriey@whitehouse.gov","2004-10-25","2748","Ms","Phillie Lemerie","47067",981,28,"Babblestorm"
36,"Shayla","128-824-4748","sworsallz@google.pl","2001-02-01","0508","Honorable","Shayla Worsall","20950",717,55,"Dabshots"
37,"Rutledge","265-489-5735","rschober10@mapy.cz","2002-07-23","8307","Mr","Rutledge Schober","40548",108,66,"Quaxo"
38,"Janice","394-420-3096","jmasding11@about.me","2005-01-21","4698","Mrs","Janice Masding","83037",378,24,"Browsecat"
39,"Allyn","029-683-1357","acrolla12@qq.com","2002-09-09","7032","Mr","Allyn Crolla","14838",943,37,"Riffpedia"
40,"Abbi","224-134-0127","asnalham13@indiatimes.com","2002-09-08","4074","Honorable","Abbi Snalham","66526",755,19,"Yakijo"
41,"Katuscha","060-935-0311","kpenkethman14@joomla.org","2000-04-04","0634","Ms","Katuscha Penkethman","24213",916,96,"Ozu"
42,"Donica","265-648-4368","dcarsberg15@vinaora.com","2005-05-03","5802","Honorable","Donica Carsberg","07671",447,26,"Quinu"
43,"Marina","351-412-6927","mwinchcombe16@chron.com","2004-12-08","8172","Dr","Marina Winchcombe","30093",867,70,"Thoughtblab"
44,"Umberto","644-451-2053","uallston17@pagesperso-orange.fr","2003-04-20","5561","Ms","Umberto Allston","34003",289,21,"Gabcube"
45,"Rivalee","824-948-6795","rslimme18@java.com","2001-06-08","5784","Rev","Rivalee Slimme","84401",725,37,"Podcat"
46,"Coletta","160-206-7132","csaph19@comsenz.com","2001-02-26","3524","Mr","Coletta Saph","98741",968,41,"Oloo"
47,"Tallou","356-545-6839","tkamien1a@msu.edu","2000-06-15","2062","Mr","Tallou Kamien","14135",164,64,"Teklist"
48,"Reena","610-608-7126","rhugland1b@cafepress.com","2004-02-17","3398","Mrs","Reena Hugland","14604",436,22,"Eidel"
49,"Currey","486-314-0107","cscreech1c@wufoo.com","2000-05-16","3145","Mr","Currey Screech","10492",120,28,"Camimbo"
50,"Mason","826-494-5489","mfurst1d@mapquest.com","2003-08-31","3233","Rev","Mason Furst","90880",623,13,"Edgepulse"
51,"Asa","015-270-8241","aravenscroft1e@narod.ru","2004-10-08","0820","Mrs","Asa Ravenscroft","28217",485,70,"Aivee"
52,"Gene","357-799-6804","grainey1f@tinypic.com","2005-09-20","7643","Honorable","Gene Rainey","35341",568,74,"Babbleopia"
53,"Gan","369-640-2618","grae1g@squidoo.com","2004-07-15","4630","Dr","Gan Rae","48015",925,77,"Youbridge"
54,"Enid","985-933-0356","equelch1h@de.vu","2000-01-30","2560","Mrs","Enid Quelch","28556",716,20,"Thoughtworks"
55,"Daphne","256-111-6988","dagdahl1i@smugmug.com","2000-12-11","7542","Mr","Daphne Agdahl","45235",609,25,"Vinte"
56,"Kali","751-100-9343","kmapstone1j@mozilla.com","2004-06-18","5021","Mrs","Kali Mapstone","26003",602,31,"Fivechat"
57,"Ellsworth","977-770-5826","efaircliffe1k@wp.com","2002-10-31","4513","Mr","Ellsworth Faircliffe","46097",878,65,"Mycat"
58,"Thedric","671-849-1678","tkilgrew1l@about.me","2000-08-02","0142","Mrs","Thedric Kilgrew","28406",348,63,"Zoonoodle"
59,"Sheffield","112-786-6252","swarner1m@salon.com","2001-01-21","2807","Honorable","Sheffield Warner","20292",980,15,"Buzzster"
60,"Marilin","805-392-8258","moverbury1n@fda.gov","2003-02-20","8272","Dr","Marilin Overbury","20413",862,55,"Flashpoint"
61,"Wit","124-938-6304","wcourvert1o@hibu.com","2001-09-03","0153","Mrs","Wit Courvert","96122",841,26,"Topicshots"
62,"Catherin","346-040-2368","csabbin1p@mediafire.com","2005-11-14","8371","Ms","Catherin Sabbin","64995",989,50,"Quamba"
63,"Albrecht","761-331-4667","amatzen1q@wunderground.com","2003-02-13","4277","Dr","Albrecht Matzen","30352",809,37,"Thoughtblab"
64,"Chase","062-056-2148","ccapineer1r@google.cn","2005-01-29","0433","Rev","Chase Capineer","62567",381,41,"Geba"
65,"Mariann","927-307-9047","mmorais1s@businessweek.com","2001-08-26","0835","Honorable","Mariann Morais","42395",747,77,"Roombo"
66,"Cully","242-409-9580","cswalowe1t@youku.com","2004-11-29","3155","Dr","Cully Swalowe","54420",121,88,"Linktype"
67,"Truda","934-183-6226","thickisson1u@unc.edu","2000-11-06","1361","Mrs","Truda Hickisson","00170",815,27,"Yadel"
68,"Sloan","143-529-1827","ssarchwell1v@bandcamp.com","2002-02-01","2962","Ms","Sloan Sarchwell","52777",768,24,"Zoozzy"
69,"Barbaraanne","574-924-7470","bcharity1w@mozilla.org","2004-10-22","1327","Ms","Barbaraanne Charity","71998",225,28,"Livepath"
70,"Bernie","336-703-5028","bmoyse1x@dropbox.com","2002-04-03","0652","Mr","Bernie Moyse","60649",691,21,"Eamia"
71,"Benito","310-700-7916","brobinette1y@cnbc.com","2003-12-30","6946","Rev","Benito Robinette","77578",623,68,"Dazzlesphere"
72,"Natassia","200-777-2001","nhabbergham1z@cornell.edu","2005-05-30","1349","Mr","Natassia Habbergham","01728",253,86,"Tanoodle"
73,"Corina","903-868-1075","cbabber20@dailymotion.com","2005-10-11","5946","Mr","Corina Babber","85196",157,61,"Skinix"
74,"Guido","948-622-4976","gwiltshear21@yolasite.com","2002-07-13","5338","Mr","Guido Wiltshear","56327",744,24,"Blognation"
75,"Willi","370-423-3390","wtamas22@livejournal.com","2002-01-29","2625","Mr","Willi Tamas","03365",968,66,"Wordtune"
76,"Eimile","609-650-3663","elarner23@squidoo.com","2000-06-23","6371","Dr","Eimile Larner","10201",232,93,"Rhynoodle"
77,"Almira","650-594-0413","ameryett24@comcast.net","2000-08-07","1074","Honorable","Almira Meryett","23022",587,69,"Thoughtmix"
78,"Gerrilee","379-350-7980","gbarnwill25@gnu.org","2004-01-07","0146","Mr","Gerrilee Barnwill","07472",978,28,"Thoughtblab"
79,"Riva","002-988-4720","rsheeres26@github.com","2001-07-12","5937","Mr","Riva Sheeres","05316",135,65,"Bubblebox"
80,"Gerladina","380-446-8981","guridge27@ifeng.com","2002-11-20","2463","Rev","Gerladina Uridge","94787",281,26,"Meejo"
81,"Byrle","498-687-1909","bpagin28@bizjournals.com","2005-05-26","4676","Mrs","Byrle Pagin","95451",216,33,"Divavu"
82,"Agustin","184-578-9594","ablunt29@jiathis.com","2000-07-19","7302","Mr","Agustin Blunt","65167",266,51,"Fivespan"
83,"Cary","191-028-3797","ccaldeyroux2a@naver.com","2001-07-25","7074","Mrs","Cary Caldeyroux","07583",692,98,"Gabtune"
84,"Lamar","373-993-5649","lclubley2b@etsy.com","2003-06-26","5539","Mr","Lamar Clubley","71120",943,98,"Realcube"
85,"Trish","504-872-1348","tlewerenz2c@vinaora.com","2000-11-07","5930","Ms","Trish Lewerenz","21578",626,61,"Jaxspan"
86,"Frederigo","520-459-6246","ffrensch2d@is.gd","2001-12-21","8340","Mr","Frederigo Frensch","15990",757,29,"Realcube"
87,"Gillian","772-073-1801","gcoke2e@nbcnews.com","2001-08-04","2552","Dr","Gillian Coke","98084",868,55,"Omba"
88,"Gina","828-466-3116","gtomczynski2f@statcounter.com","2003-11-08","0259","Rev","Gina Tomczynski","49397",530,11,"Agivu"
89,"Natalee","865-151-4950","nmac2g@last.fm","2001-05-07","7236","Mrs","Natalee Mac","77420",797,94,"Eare"
90,"Leesa","150-018-3667","lwilloughley2h@yale.edu","2004-03-01","5234","Mr","Leesa Willoughley","23460",833,82,"Mydeo"
91,"Geoff","800-720-7442","gpawel2i@pagesperso-orange.fr","2003-06-07","5075","Ms","Geoff Pawel","09815",823,63,"Tagtune"
92,"Florinda","272-309-2612","fflannigan2j@globo.com","2000-06-15","9984","Rev","Florinda Flannigan","12338",363,23,"Thoughtstorm"
93,"Truman","472-800-9395","tskehan2k@aboutads.info","2003-05-29","0591","Rev","Truman Skehan","11057",970,61,"Tagtune"
94,"Callie","835-254-8943","ccouves2l@slideshare.net","2004-11-30","2206","Honorable","Callie Couves","27548",776,43,"Ntags"
95,"Mathilde","953-993-9660","mdennidge2m@furl.net","2002-12-19","9084","Mrs","Mathilde Dennidge","72972",731,60,"Thoughtworks"
96,"Aldous","467-183-5883","adany2n@discuz.net","2000-05-25","4259","Honorable","Aldous Dany","06415",589,35,"Ozu"
97,"Sondra","999-173-5816","sdunkerly2o@twitter.com","2004-01-22","8790","Mr","Sondra Dunkerly","47026",877,81,"Jetwire"
98,"Paxon","372-237-3314","pwherrett2p@networkadvertising.org","2002-05-03","5754","Mrs","Paxon Wherrett","79250",252,70,"Kayveo"
99,"Con","727-411-9290","cboult2q@rambler.ru","2004-12-28","9240","Dr","Con Boult","14149",289,59,"Eidel"
100,"D'arcy","082-323-3746","dhelsby2r@ucoz.ru","2004-05-11","6627","Honorable","D'arcy Helsby","99288",166,31,"Jatri"
1,"Giles","189-215-0348","glidster0@weather.com","2003-10-30","3354","Mr","Giles Lidster","81702",214,12,"Blogtags"
2,"Taddeo","861-461-2743","twelbeck1@toplist.cz","2004-01-03","6829","Dr","Taddeo Welbeck","75057",730,18,"Browsecat"
3,"Hannie","960-331-8842","hphair2@feedburner.com","2001-07-29","1626","Ms","Hannie Phair","39803",738,96,"Mydeo"
4,"Dulsea","801-989-2884","dhodgin3@census.gov","2002-03-14","3815","Honorable","Dulsea Hodgin","16276",682,87,"Mydeo"
5,"Derek","615-375-5210","drozycki4@microsoft.com","2003-03-05","1245","Dr","Derek Rozycki","81936",551,21,"Avaveo"
6,"Dahlia","862-944-5748","dsipson5@bizjournals.com","2003-10-24","9184","Dr","Dahlia Sipson","81569",635,45,"Linkbridge"
7,"Normand","748-937-6390","neaglesham6@whitehouse.gov","2003-07-11","1470","Mr","Normand Eaglesham","26103",437,86,"Meetz"
8,"Riannon","890-094-2322","rgimson7@mit.edu","2003-12-21","0131","Rev","Riannon Gimson","25652",819,62,"Chatterpoint"
9,"Lanny","814-710-3819","lstoeckle8@youtu.be","2002-07-28","5887","Ms","Lanny Stoeckle","79337",913,55,"Fivespan"
10,"Scotti","794-735-1443","selcock9@xinhuanet.com","2005-12-17","3938","Ms","Scotti Elcock","18629",884,18,"Tagpad"
11,"Lucky","860-996-3603","lredana@digg.com","2005-05-19","4155","Mrs","Lucky Redan","84552",744,69,"Eimbee"
12,"Francisca","957-420-0172","fspellacyb@earthlink.net","2001-03-29","3196","Ms","Francisca Spellacy","03530",340,84,"Meembee"
13,"Herold","529-254-7327","hsentc@usa.gov","2003-10-11","3457","Rev","Herold Sent","34244",156,48,"Browsetype"
14,"Giacopo","623-792-2279","gbuckied@hp.com","2003-02-26","5023","Honorable","Giacopo Buckie","86956",195,70,"Jayo"
15,"Eve","870-096-5024","eormistonee@bandcamp.com","2002-02-02","6816","Mrs","Eve Ormistone","18776",373,21,"Rhycero"
16,"Cori","315-286-4563","cbuttrumf@squidoo.com","2000-11-05","8566","Ms","Cori Buttrum","17085",415,31,"Oyoloo"
17,"Gennifer","003-680-3915","gpollackg@youku.com","2001-03-12","0398","Mrs","Gennifer Pollack","45248",629,84,"Devcast"
18,"Gayleen","898-275-7568","gfetterh@imageshack.us","2004-05-29","9181","Mrs","Gayleen Fetter","80312",575,88,"Oyope"
19,"Francklin","953-295-0932","fchateli@reddit.com","2001-05-24","4951","Mr","Francklin Chatel","79266",981,99,"Eadel"
20,"Federica","361-904-3193","fmactrusteyj@ovh.net","2003-06-29","4474","Honorable","Federica MacTrustey","74259",389,55,"Youspan"
21,"Wanda","881-466-1338","whaithwaitek@freewebs.com","2004-09-16","7766","Dr","Wanda Haithwaite","71072",624,10,"Tambee"
22,"Caye","203-484-8413","ccarlinl@shop-pro.jp","2005-08-24","8058","Ms","Caye Carlin","85779",321,53,"Lazz"
23,"Mandi","682-461-5847","midalem@oracle.com","2002-01-05","5095","Dr","Mandi Idale","06286",859,83,"Ooba"
24,"Hayyim","681-318-3905","hcleughern@skype.com","2003-09-27","2314","Mr","Hayyim Cleugher","78484",727,43,"Ozu"
25,"Ameline","399-026-5266","aedgelero@google.com.au","2001-12-03","6677","Honorable","Ameline Edgeler","48668",348,52,"Demizz"
26,"Jennie","210-894-4553","jbewsheap@cisco.com","2004-07-06","8870","Honorable","Jennie Bewshea","32040",783,43,"Abatz"
27,"Gerty","033-013-5099","gbortolussiq@gov.uk","2000-02-25","8311","Mr","Gerty Bortolussi","54613",969,53,"Tagtune"
28,"Adan","780-400-7357","aabsonr@cnn.com","2001-06-09","4969","Rev","Adan Abson","10103",271,80,"Tambee"
29,"Nariko","674-209-5909","ngoodbarrs@howstuffworks.com","2000-07-31","1922","Mr","Nariko Goodbarr","93997",979,95,"Jayo"
30,"Ester","385-279-0891","emularkeyt@mozilla.org","2001-12-04","2699","Honorable","Ester Mularkey","40146",332,47,"Oyoba"
31,"Estele","223-852-5667","esteutlyu@digg.com","2002-02-13","3432","Mrs","Estele Steutly","81187",365,30,"Fivechat"
32,"Elise","297-921-8915","ehorleyv@theatlantic.com","2005-11-15","8257","Honorable","Elise Horley","33628",121,73,"Quamba"
33,"Roseanna","033-602-3915","rdew@w3.org","2000-04-21","2877","Ms","Roseanna De Benedetti","42191",191,41,"Aimbu"
34,"Willey","555-636-7265","whuckettx@jalbum.net","2001-11-27","6180","Mrs","Willey Huckett","27192",264,36,"Zoomlounge"
35,"Phillie","021-062-5741","plemeriey@whitehouse.gov","2004-10-25","2748","Ms","Phillie Lemerie","47067",981,28,"Babblestorm"
36,"Shayla","128-824-4748","sworsallz@google.pl","2001-02-01","0508","Honorable","Shayla Worsall","20950",717,55,"Dabshots"
37,"Rutledge","265-489-5735","rschober10@mapy.cz","2002-07-23","8307","Mr","Rutledge Schober","40548",108,66,"Quaxo"
38,"Janice","394-420-3096","jmasding11@about.me","2005-01-21","4698","Mrs","Janice Masding","83037",378,24,"Browsecat"
39,"Allyn","029-683-1357","acrolla12@qq.com","2002-09-09","7032","Mr","Allyn Crolla","14838",943,37,"Riffpedia"
40,"Abbi","224-134-0127","asnalham13@indiatimes.com","2002-09-08","4074","Honorable","Abbi Snalham","66526",755,19,"Yakijo"
41,"Katuscha","060-935-0311","kpenkethman14@joomla.org","2000-04-04","0634","Ms","Katuscha Penkethman","24213",916,96,"Ozu"
42,"Donica","265-648-4368","dcarsberg15@vinaora.com","2005-05-03","5802","Honorable","Donica Carsberg","07671",447,26,"Quinu"
43,"Marina","351-412-6927","mwinchcombe16@chron.com","2004-12-08","8172","Dr","Marina Winchcombe","30093",867,70,"Thoughtblab"
44,"Umberto","644-451-2053","uallston17@pagesperso-orange.fr","2003-04-20","5561","Ms","Umberto Allston","34003",289,21,"Gabcube"
45,"Rivalee","824-948-6795","rslimme18@java.com","2001-06-08","5784","Rev","Rivalee Slimme","84401",725,37,"Podcat"
46,"Coletta","160-206-7132","csaph19@comsenz.com","2001-02-26","3524","Mr","Coletta Saph","98741",968,41,"Oloo"
47,"Tallou","356-545-6839","tkamien1a@msu.edu","2000-06-15","2062","Mr","Tallou Kamien","14135",164,64,"Teklist"
48,"Reena","610-608-7126","rhugland1b@cafepress.com","2004-02-17","3398","Mrs","Reena Hugland","14604",436,22,"Eidel"
49,"Currey","486-314-0107","cscreech1c@wufoo.com","2000-05-16","3145","Mr","Currey Screech","10492",120,28,"Camimbo"
50,"Mason","826-494-5489","mfurst1d@mapquest.com","2003-08-31","3233","Rev","Mason Furst","90880",623,13,"Edgepulse"
51,"Asa","015-270-8241","aravenscroft1e@narod.ru","2004-10-08","0820","Mrs","Asa Ravenscroft","28217",485,70,"Aivee"
52,"Gene","357-799-6804","grainey1f@tinypic.com","2005-09-20","7643","Honorable","Gene Rainey","35341",568,74,"Babbleopia"
53,"Gan","369-640-2618","grae1g@squidoo.com","2004-07-15","4630","Dr","Gan Rae","48015",925,77,"Youbridge"
54,"Enid","985-933-0356","equelch1h@de.vu","2000-01-30","2560","Mrs","Enid Quelch","28556",716,20,"Thoughtworks"
55,"Daphne","256-111-6988","dagdahl1i@smugmug.com","2000-12-11","7542","Mr","Daphne Agdahl","45235",609,25,"Vinte"
56,"Kali","751-100-9343","kmapstone1j@mozilla.com","2004-06-18","5021","Mrs","Kali Mapstone","26003",602,31,"Fivechat"
57,"Ellsworth","977-770-5826","efaircliffe1k@wp.com","2002-10-31","4513","Mr","Ellsworth Faircliffe","46097",878,65,"Mycat"
58,"Thedric","671-849-1678","tkilgrew1l@about.me","2000-08-02","0142","Mrs","Thedric Kilgrew","28406",348,63,"Zoonoodle"
59,"Sheffield","112-786-6252","swarner1m@salon.com","2001-01-21","2807","Honorable","Sheffield Warner","20292",980,15,"Buzzster"
60,"Marilin","805-392-8258","moverbury1n@fda.gov","2003-02-20","8272","Dr","Marilin Overbury","20413",862,55,"Flashpoint"
61,"Wit","124-938-6304","wcourvert1o@hibu.com","2001-09-03","0153","Mrs","Wit Courvert","96122",841,26,"Topicshots"
62,"Catherin","346-040-2368","csabbin1p@mediafire.com","2005-11-14","8371","Ms","Catherin Sabbin","64995",989,50,"Quamba"
63,"Albrecht","761-331-4667","amatzen1q@wunderground.com","2003-02-13","4277","Dr","Albrecht Matzen","30352",809,37,"Thoughtblab"
64,"Chase","062-056-2148","ccapineer1r@google.cn","2005-01-29","0433","Rev","Chase Capineer","62567",381,41,"Geba"
65,"Mariann","927-307-9047","mmorais1s@businessweek.com","2001-08-26","0835","Honorable","Mariann Morais","42395",747,77,"Roombo"
66,"Cully","242-409-9580","cswalowe1t@youku.com","2004-11-29","3155","Dr","Cully Swalowe","54420",121,88,"Linktype"
67,"Truda","934-183-6226","thickisson1u@unc.edu","2000-11-06","1361","Mrs","Truda Hickisson","00170",815,27,"Yadel"
68,"Sloan","143-529-1827","ssarchwell1v@bandcamp.com","2002-02-01","2962","Ms","Sloan Sarchwell","52777",768,24,"Zoozzy"
69,"Barbaraanne","574-924-7470","bcharity1w@mozilla.org","2004-10-22","1327","Ms","Barbaraanne Charity","71998",225,28,"Livepath"
70,"Bernie","336-703-5028","bmoyse1x@dropbox.com","2002-04-03","0652","Mr","Bernie Moyse","60649",691,21,"Eamia"
71,"Benito","310-700-7916","brobinette1y@cnbc.com","2003-12-30","6946","Rev","Benito Robinette","77578",623,68,"Dazzlesphere"
72,"Natassia","200-777-2001","nhabbergham1z@cornell.edu","2005-05-30","1349","Mr","Natassia Habbergham","01728",253,86,"Tanoodle"
73,"Corina","903-868-1075","cbabber20@dailymotion.com","2005-10-11","5946","Mr","Corina Babber","85196",157,61,"Skinix"
74,"Guido","948-622-4976","gwiltshear21@yolasite.com","2002-07-13","5338","Mr","Guido Wiltshear","56327",744,24,"Blognation"
75,"Willi","370-423-3390","wtamas22@livejournal.com","2002-01-29","2625","Mr","Willi Tamas","03365",968,66,"Wordtune"
76,"Eimile","609-650-3663","elarner23@squidoo.com","2000-06-23","6371","Dr","Eimile Larner","10201",232,93,"Rhynoodle"
77,"Almira","650-594-0413","ameryett24@comcast.net","2000-08-07","1074","Honorable","Almira Meryett","23022",587,69,"Thoughtmix"
78,"Gerrilee","379-350-7980","gbarnwill25@gnu.org","2004-01-07","0146","Mr","Gerrilee Barnwill","07472",978,28,"Thoughtblab"
79,"Riva","002-988-4720","rsheeres26@github.com","2001-07-12","5937","Mr","Riva Sheeres","05316",135,65,"Bubblebox"
80,"Gerladina","380-446-8981","guridge27@ifeng.com","2002-11-20","2463","Rev","Gerladina Uridge","94787",281,26,"Meejo"
81,"Byrle","498-687-1909","bpagin28@bizjournals.com","2005-05-26","4676","Mrs","Byrle Pagin","95451",216,33,"Divavu"
82,"Agustin","184-578-9594","ablunt29@jiathis.com","2000-07-19","7302","Mr","Agustin Blunt","65167",266,51,"Fivespan"
83,"Cary","191-028-3797","ccaldeyroux2a@naver.com","2001-07-25","7074","Mrs","Cary Caldeyroux","07583",692,98,"Gabtune"
84,"Lamar","373-993-5649","lclubley2b@etsy.com","2003-06-26","5539","Mr","Lamar Clubley","71120",943,98,"Realcube"
85,"Trish","504-872-1348","tlewerenz2c@vinaora.com","2000-11-07","5930","Ms","Trish Lewerenz","21578",626,61,"Jaxspan"
86,"Frederigo","520-459-6246","ffrensch2d@is.gd","2001-12-21","8340","Mr","Frederigo Frensch","15990",757,29,"Realcube"
87,"Gillian","772-073-1801","gcoke2e@nbcnews.com","2001-08-04","2552","Dr","Gillian Coke","98084",868,55,"Omba"
88,"Gina","828-466-3116","gtomczynski2f@statcounter.com","2003-11-08","0259","Rev","Gina Tomczynski","49397",530,11,"Agivu"
89,"Natalee","865-151-4950","nmac2g@last.fm","2001-05-07","7236","Mrs","Natalee Mac","77420",797,94,"Eare"
90,"Leesa","150-018-3667","lwilloughley2h@yale.edu","2004-03-01","5234","Mr","Leesa Willoughley","23460",833,82,"Mydeo"
91,"Geoff","800-720-7442","gpawel2i@pagesperso-orange.fr","2003-06-07","5075","Ms","Geoff Pawel","09815",823,63,"Tagtune"
92,"Florinda","272-309-2612","fflannigan2j@globo.com","2000-06-15","9984","Rev","Florinda Flannigan","12338",363,23,"Thoughtstorm"
93,"Truman","472-800-9395","tskehan2k@aboutads.info","2003-05-29","0591","Rev","Truman Skehan","11057",970,61,"Tagtune"
94,"Callie","835-254-8943","ccouves2l@slideshare.net","2004-11-30","2206","Honorable","Callie Couves","27548",776,43,"Ntags"
95,"Mathilde","953-993-9660","mdennidge2m@furl.net","2002-12-19","9084","Mrs","Mathilde Dennidge","72972",731,60,"Thoughtworks"
96,"Aldous","467-183-5883","adany2n@discuz.net","2000-05-25","4259","Honorable","Aldous Dany","06415",589,35,"Ozu"
97,"Sondra","999-173-5816","sdunkerly2o@twitter.com","2004-01-22","8790","Mr","Sondra Dunkerly","47026",877,81,"Jetwire"
98,"Paxon","372-237-3314","pwherrett2p@networkadvertising.org","2002-05-03","5754","Mrs","Paxon Wherrett","79250",252,70,"Kayveo"
99,"Con","727-411-9290","cboult2q@rambler.ru","2004-12-28","9240","Dr","Con Boult","14149",289,59,"Eidel"
100,"D'arcy","082-323-3746","dhelsby2r@ucoz.ru","2004-05-11","6627","Honorable","D'arcy Helsby","99288",166,31,"Jatri"
